[
    {
        "id"         : 1,
        "priority"   : 1,
        "condition"  : {
            "urlFilter" : "|https",
            "resourceTypes": ["script", "main_frame", "stylesheet"]
        },
        "action"     : {
            "type"        : "modifyHeaders",
            "responseHeaders"   : [
                {
                    "header"      : "Content-Security-Policy",
                    "operation"   : "set",
                    "value"       : "default-src https: data: 'unsafe-inline';"
                }
            ]
        }
    }
]

